username,password,condition,used
YellowCandy,Monkey8594,A,
OrangeBaker,Orange2289,B,
BakerRocket,Umbrella3343,A,
WhaleEagle,Kitten7919,B,
SunnyMonkey,Violet2005,A,
SunnyYellow,Tiger4687,B,
EagleHappy,Eagle6993,A,
SunnyWhale,Violet1671,B,
NoodleIsland,Happy6613,A,
SunnyTiger,Island5328,B,
HappyQuartz,Umbrella4369,A,
KittenMonkey,Monkey1013,B,
WhaleBaker,Eagle5261,A,
NoodleYellow,Baker6298,B,
PandaXenon,Candy7518,A,
CandyNoodle,Xenon9385,B,
LemonZebra,Monkey3727,A,
CandyOrange,Yellow7124,B,
XenonCandy,Quartz7531,A,
JollyTiger,Candy5865,B,
MonkeyJolly,Zebra8728,A,
DeltaUmbrella,Rocket3115,B,
AppleYellow,Violet3734,A,
CandyUmbrella,Tiger2719,B,
SunnySunny,Candy6879,A,
SunnyNoodle,Yellow4966,B,
DeltaDelta,Eagle8772,A,
JollyUmbrella,Yellow7687,B,
VioletSunny,Noodle7640,A,
NoodleOrange,Apple4224,B,
PandaGrape,Apple7176,A,
RocketRocket,Tiger1286,B,
DeltaFrost,Lemon6541,A,
TigerCandy,Orange3924,B,
JollyWhale,Grape4028,A,
VioletDelta,Noodle6472,B,
GrapeOrange,Tiger8849,A,
NoodleFrost,Happy5667,B,
RocketGrape,Happy8145,A,
KittenTiger,Zebra5250,B,
PandaBaker,Yellow4646,A,
KittenSunny,Eagle3183,B,
ZebraEagle,Jolly5541,A,
ZebraYellow,Rocket6710,B,
TigerQuartz,Yellow1459,A,
IslandWhale,Lemon8952,B,
DeltaIsland,Tiger9167,A,
AppleEagle,Happy6375,B,
GrapeMonkey,Apple8582,A,
WhaleTiger,Lemon6209,B,
IslandCandy,Xenon1205,A,
QuartzHappy,Grape9452,B,
XenonDelta,Baker6545,A,
CandyWhale,Umbrella7429,B,
VioletYellow,Baker6208,A,
QuartzNoodle,Umbrella5933,B,
HappyGrape,Orange2547,A,
RocketHappy,Candy1997,B,
LemonWhale,Tiger9630,A,
SunnyViolet,Monkey9568,B,
CandyQuartz,Quartz3060,A,
BakerMonkey,Panda8209,B,
VioletWhale,Noodle4061,A,
ZebraLemon,Apple3489,B,
VioletHappy,Lemon8363,A,
HappyYellow,Whale6601,B,
SunnyFrost,Apple8643,A,
CandyXenon,Noodle9274,B,
PandaRocket,Apple2491,A,
EagleMonkey,Panda8042,B,
MonkeyOrange,Kitten5530,A,
BakerOrange,Umbrella3279,B,
RocketNoodle,Jolly3549,A,
FrostFrost,Tiger4273,B,
RocketUmbrella,Orange8320,A,
OrangePanda,Umbrella2002,B,
AppleOrange,Whale6825,A,
SunnyJolly,Rocket6853,B,
ZebraOrange,Rocket3787,A,
YellowEagle,Zebra9668,B,
DeltaKitten,Quartz9759,A,
KittenPanda,Apple3714,B,
PandaQuartz,Kitten3984,A,
SunnyZebra,Violet2706,B,
BakerTiger,Frost5664,A,
PandaHappy,Violet4346,B,
FrostOrange,Orange1506,A,
GrapeViolet,Delta5415,B,
IslandTiger,Apple8417,A,
LemonIsland,Quartz1476,B,
KittenApple,Panda8817,A,
EagleViolet,Tiger5213,B,
IslandApple,Quartz1942,A,
OrangeHappy,Violet5794,B,
FrostTiger,Kitten3686,A,
TigerViolet,Jolly1102,B,